effectGroup,effectName,functionName,shortName,endowment,interaction1,interaction2,type,basicRate,include,randomEffects,fix,test,timeDummy,initialValue,parm,functionType,period,rateType,untrimmedValue,effect1,effect2,effect3,interactionType
behaviorOneModeObjective,behavior xxxxxx average similarity,beh. xxxxxx average similarity,avSim,TRUE,yyyyyy,,eval,FALSE,FALSE,FALSE,FALSE,FALSE,",",0,0,objective,NA,NA,0,0,0,0,
behaviorOneModeObjective,behavior xxxxxx total similarity,beh. xxxxxx total similarity,totSim,TRUE,yyyyyy,,eval,FALSE,FALSE,FALSE,FALSE,FALSE,",",0,0,objective,NA,NA,0,0,0,0,
behaviorOneModeObjective,behavior xxxxxx indegree,beh. xxxxxx indegrees,indeg,TRUE,yyyyyy,,eval,FALSE,FALSE,FALSE,FALSE,FALSE,",",0,0,objective,NA,NA,0,0,0,0,OK
behaviorOneModeObjective,behavior xxxxxx outdegree,beh. xxxxxx outdegrees,outdeg,TRUE,yyyyyy,,eval,FALSE,FALSE,FALSE,FALSE,FALSE,",",0,0,objective,NA,NA,0,0,0,0,OK
behaviorOneModeObjective,behavior xxxxxx isolate,beh. xxxxxx isolate,isolate,FALSE,yyyyyy,,eval,FALSE,FALSE,FALSE,FALSE,FALSE,",",0,0,objective,NA,NA,0,0,0,0,OK
behaviorOneModeObjective,behavior xxxxxx ave. sim. x reciprocity,beh. xxxxxx ave. similarity x reciprocity,avSimRecip,FALSE,yyyyyy,,eval,FALSE,FALSE,FALSE,FALSE,FALSE,",",0,0,objective,NA,NA,0,0,0,0,
behaviorOneModeObjective,behavior xxxxxx tot. sim. x reciprocity,beh. xxxxxx tot. similarity x reciprocity,totSimRecip,FALSE,yyyyyy,,eval,FALSE,FALSE,FALSE,FALSE,FALSE,",",0,0,objective,NA,NA,0,0,0,0,
behaviorOneModeObjective,behavior xxxxxx ave. sim. x popularity alter,beh. xxxxxx ave. sim. x indegrees(one-sided),avSimPopAlt,FALSE,yyyyyy,,eval,FALSE,FALSE,FALSE,FALSE,FALSE,",",0,0,objective,NA,NA,0,0,0,0,
behaviorOneModeObjective,behavior xxxxxx tot. sim. x popularity alter,beh. xxxxxx tot. sim. x indegrees(one-sided),totSimPopAlt,FALSE,yyyyyy,,eval,FALSE,FALSE,FALSE,FALSE,FALSE,",",0,0,objective,NA,NA,0,0,0,0,
behaviorOneModeObjective,behavior xxxxxx x popularity alter,beh. xxxxxx x indegrees(one-sided),popAlt,FALSE,yyyyyy,,eval,FALSE,FALSE,FALSE,FALSE,FALSE,",",0,0,objective,NA,NA,0,0,0,0,OK
behaviorOneModeObjective,behavior xxxxxx ave. sim. x rec. x pop. (alter),beh. xxxxxx ave. sim. x rec. x i.d.(one-sided),avSimRecPop,FALSE,yyyyyy,,eval,FALSE,FALSE,FALSE,FALSE,FALSE,",",0,0,objective,NA,NA,0,0,0,0,
behaviorOneModeObjective,behavior xxxxxx tot. sim. x rec. x pop. (alter),beh. xxxxxx tot. sim. x rec. x i.d.(one-sided),totSimRecPop,FALSE,yyyyyy,,eval,FALSE,FALSE,FALSE,FALSE,FALSE,",",0,0,objective,NA,NA,0,0,0,0,
behaviorOneModeObjective,behavior xxxxxx average alter,beh. xxxxxx average alters,avAlt,TRUE,yyyyyy,,eval,FALSE,FALSE,FALSE,FALSE,FALSE,",",0,0,objective,NA,NA,0,0,0,0,OK
behaviorOneModeObjective,behavior xxxxxx average rec. alters,beh. xxxxxx average rec. alters,avRecAlt,FALSE,yyyyyy,,eval,FALSE,FALSE,FALSE,FALSE,FALSE,",",0,0,objective,NA,NA,0,0,0,0,OK
behaviorOneModeObjective,behavior xxxxxx dense triads <maybe wrong>,beh. xxxxxx dense triads <<<maybe wrong>>>,behDenseTriads,FALSE,yyyyyy,,eval,FALSE,FALSE,FALSE,FALSE,FALSE,",",0,5,objective,NA,NA,0,0,0,0,OK
behaviorOneModeObjective,behavior xxxxxx similarity in dense triads <maybe wrong>,beh. xxxxxx homogeneity of dense triads <<<maybe wrong>>>,simDenseTriads,FALSE,yyyyyy,,eval,FALSE,FALSE,FALSE,FALSE,FALSE,",",0,5,objective,NA,NA,0,0,0,0,OK
behaviorOneModeObjective,behavior xxxxxx reciprocated degree,beh. xxxxxx reciprocated degrees,recipDeg,FALSE,yyyyyy,,eval,FALSE,FALSE,FALSE,FALSE,FALSE,",",0,0,objective,NA,NA,0,0,0,0,OK
behaviorOneModeObjective,behavior xxxxxx ave. sim. x popularity ego,beh. xxxxxx ave. sim. x indegrees ego,avSimPopEgo,TRUE,yyyyyy,,eval,FALSE,FALSE,FALSE,FALSE,FALSE,",",0,0,objective,NA,NA,0,0,0,0,
behaviorBipartiteObjective,behavior xxxxxx average similarity,beh. xxxxxx average similarity,avSim,TRUE,yyyyyy,,eval,FALSE,FALSE,FALSE,FALSE,FALSE,",",0,0,objective,NA,NA,0,0,0,0,
behaviorBipartiteObjective,behavior xxxxxx total similarity,beh. xxxxxx total similarity,totSim,TRUE,yyyyyy,,eval,FALSE,FALSE,FALSE,FALSE,FALSE,",",0,0,objective,NA,NA,0,0,0,0,
behaviorBipartiteObjective,behavior xxxxxx outdegree,beh. xxxxxx outdegrees,outdeg,TRUE,yyyyyy,,eval,FALSE,FALSE,FALSE,FALSE,FALSE,",",0,0,objective,NA,NA,0,0,0,0,OK
behaviorBipartiteObjective,behavior xxxxxx isolate,beh. xxxxxx isolate,isolate,FALSE,yyyyyy,,eval,FALSE,FALSE,FALSE,FALSE,FALSE,",",0,0,objective,NA,NA,0,0,0,0,OK
behaviorBipartiteObjective,behavior xxxxxx ave. sim. x popularity alter,beh. xxxxxx ave. sim. x indegrees(one-sided),avSimPopAlt,FALSE,yyyyyy,,eval,FALSE,FALSE,FALSE,FALSE,FALSE,",",0,0,objective,NA,NA,0,0,0,0,
behaviorBipartiteObjective,behavior xxxxxx tot. sim. x popularity alter,beh. xxxxxx tot. sim. x indegrees(one-sided),totSimPopAlt,FALSE,yyyyyy,,eval,FALSE,FALSE,FALSE,FALSE,FALSE,",",0,0,objective,NA,NA,0,0,0,0,
behaviorBipartiteObjective,behavior xxxxxx x popularity alter,beh. xxxxxx x indegrees(one-sided),popAlt,FALSE,yyyyyy,,eval,FALSE,FALSE,FALSE,FALSE,FALSE,",",0,0,objective,NA,NA,0,0,0,0,OK
behaviorBipartiteObjective,behavior xxxxxx average alter,beh. xxxxxx average alters,avAlt,TRUE,yyyyyy,,eval,FALSE,FALSE,FALSE,FALSE,FALSE,",",0,0,objective,NA,NA,0,0,0,0,OK
behaviorBipartiteObjective,behavior xxxxxx dense triads <maybe wrong>,beh. xxxxxx dense triads <<<maybe wrong>>>,behDenseTriads,FALSE,yyyyyy,,eval,FALSE,FALSE,FALSE,FALSE,FALSE,",",0,0,objective,NA,NA,0,0,0,0,OK
behaviorBipartiteObjective,behavior xxxxxx similarity in dense triads <maybe wrong>,beh. xxxxxx homogeneity of dense triads <<<maybe wrong>>>,simDenseTriads,FALSE,yyyyyy,,eval,FALSE,FALSE,FALSE,FALSE,FALSE,",",0,0,objective,NA,NA,0,0,0,0,OK
behaviorBipartiteObjective,behavior xxxxxx ave. sim. x popularity ego,beh. xxxxxx ave. sim. x indegrees ego,avSimPopEgo,TRUE,yyyyyy,,eval,FALSE,FALSE,FALSE,FALSE,FALSE,",",0,0,objective,NA,NA,0,0,0,0,
behaviorObjective,behavior xxxxxx linear shape,beh. xxxxxx cent. sum,linear,TRUE,,,eval,FALSE,FALSE,FALSE,FALSE,FALSE,",",0,0,objective,NA,NA,0,0,0,0,OK
behaviorObjective,behavior xxxxxx quadratic shape,beh. xxxxxx sum of cent. squares,quad,TRUE,,,eval,FALSE,FALSE,FALSE,FALSE,FALSE,",",0,0,objective,NA,NA,0,0,0,0,
behaviorRate,rate xxxxxx period 1,Amount of behavioral change,Rate,NA,,,rate,FALSE,FALSE,FALSE,FALSE,FALSE,",",0,0,rate,1,NA,0,0,0,0
behaviorRate,rate xxxxxx (period nnnnnn),Amount of behavioral change in period nnnnnn on xxxxxx,Rate,NA,,,rate,FALSE,FALSE,FALSE,FALSE,FALSE,",",0,0,rate,nnnnnn,NA,0,0,0,0
behaviorOneModeRate,outdegree effect on rate xxxxxx,Amount of change on xxxxxx x outdegree,outRate,NA,yyyyyy,,rate,FALSE,FALSE,FALSE,FALSE,FALSE,",",0,0,rate,NA,structural,0,0,0,0
behaviorOneModeRate,indegree effect on rate xxxxxx,Amount of change on xxxxxx x indegree,inRate,NA,yyyyyy,,rate,FALSE,FALSE,FALSE,FALSE,FALSE,",",0,0,rate,NA,structural,0,0,0,0
behaviorOneModeRate,reciprocated effect on rate xxxxxx,Amount of change on xxxxxx x reciprocity,recipRate,NA,yyyyyy,,rate,FALSE,FALSE,FALSE,FALSE,FALSE,",",0,0,rate,NA,structural,0,0,0,0
behaviorBipartiteRate,outdegree effect on rate xxxxxx,Amount of change on xxxxxx x outdegree,outRate,NA,yyyyyy,,rate,FALSE,FALSE,FALSE,FALSE,FALSE,",",0,0,rate,NA,structural,0,0,0,0
behaviorBipartiteRate,reciprocated effect on rate xxxxxx,Amount of change on xxxxxx x reciprocity,recipRate,NA,yyyyyy,,rate,FALSE,FALSE,FALSE,FALSE,FALSE,",",0,0,rate,NA,structural,0,0,0,0
nonSymmetricRate,basic rate parameter xxxxxx,Amount of network change,Rate,NA,,,rate,FALSE,FALSE,FALSE,FALSE,FALSE,",",0,0,rate,1,NA,0,0,0,0
nonSymmetricRate,constant xxxxxx rate (period nnnnnn),Amount of network change in period nnnnnn,Rate,NA,,,rate,FALSE,FALSE,FALSE,FALSE,FALSE,",",0,0,rate,nnnnnn,NA,0,0,0,0
nonSymmetricRate,outdegree effect on rate xxxxxx,Amount of change x outdegrees,outRate,NA,,,rate,FALSE,FALSE,FALSE,FALSE,FALSE,",",0,0,rate,NA,structural,0,0,0,0
nonSymmetricRate,indegree effect on rate xxxxxx,Amount of change x indegrees,inRate,NA,,,rate,FALSE,FALSE,FALSE,FALSE,FALSE,",",0,0,rate,NA,structural,0,0,0,0
nonSymmetricRate,reciprocity effect on rate xxxxxx,Amount of change x reciprocity,recipRate,NA,,,rate,FALSE,FALSE,FALSE,FALSE,FALSE,",",0,0,rate,NA,structural,0,0,0,0
nonSymmetricRate,effect 1/outdegree on rate xxxxxx,Amount of change x (1/outdegrees),outRateInv,NA,,,rate,FALSE,FALSE,FALSE,FALSE,FALSE,",",0,0,rate,NA,structural,0,0,0,0
bipartiteRate,basic rate parameter xxxxxx,Amount of network change,Rate,NA,,,rate,FALSE,FALSE,FALSE,FALSE,FALSE,",",0,0,rate,1,NA,0,0,0,0
bipartiteRate,constant xxxxxx rate (period nnnnnn),Amount of network change in period nnnnnn,Rate,NA,,,rate,FALSE,FALSE,FALSE,FALSE,FALSE,",",0,0,rate,nnnnnn,NA,0,0,0,0
bipartiteRate,outdegree effect on rate xxxxxx,Amount of change x outdegrees,outRate,NA,,,rate,FALSE,FALSE,FALSE,FALSE,FALSE,",",0,0,rate,NA,structural,0,0,0,0
bipartiteRate,effect 1/outdegree on rate xxxxxx,Amount of change x (1/outdegrees),outRateInv,NA,,,rate,FALSE,FALSE,FALSE,FALSE,FALSE,",",0,0,rate,NA,structural,0,0,0,0,
symmetricRate,basic rate parameter xxxxxx,Amount of network change,Rate,NA,,,rate,FALSE,FALSE,FALSE,FALSE,FALSE,",",0,0,rate,1,NA,0,0,0,0,
symmetricRate,constant xxxxxx rate (period nnnnnn),Amount of network change in period nnnnnn,Rate,NA,,,rate,FALSE,FALSE,FALSE,FALSE,FALSE,",",0,0,rate,nnnnnn,NA,0,0,0,0,
symmetricRate,degree effect on rate xxxxxx,Amount of change x outdegrees,outRate,NA,,,rate,FALSE,FALSE,FALSE,FALSE,FALSE,",",0,0,rate,NA,structural,0,0,0,0,
symmetricRate,effect 1/degree on rate xxxxxx,Amount of change x (1/outdegrees),outRateInv,NA,,,rate,FALSE,FALSE,FALSE,FALSE,FALSE,",",0,0,rate,NA,structural,0,0,0,0,
dyadObjective,xxxxxx,Sum of ties x xxxxxx,X,TRUE,xxxxxx,,eval,FALSE,FALSE,FALSE,FALSE,FALSE,",",0,0,objective,NA,NA,0,0,0,0,dyadic
dyadObjective,xxxxxx x reciprocity,Sum reciprocated  ties x xxxxxx,XRecip,TRUE,xxxxxx,,eval,FALSE,FALSE,FALSE,FALSE,FALSE,",",0,0,objective,NA,NA,0,0,0,0,dyadic
dyadObjective,WW=>X closure of xxxxxx,WW=>X closure of xxxxxx,WWX,TRUE,xxxxxx,,eval,FALSE,FALSE,FALSE,FALSE,FALSE,",",0,0,objective,NA,NA,0,0,0,0,dyadic
dyadObjective,WX=>X closure of xxxxxx,WX=>X closure of xxxxxx,WXX,TRUE,xxxxxx,,eval,FALSE,FALSE,FALSE,FALSE,FALSE,",",0,0,objective,NA,NA,0,0,0,0,dyadic
dyadObjective,XW=>X closure of xxxxxx,XW=>X closure of xxxxxx,XWX,TRUE,xxxxxx,,eval,FALSE,FALSE,FALSE,FALSE,FALSE,",",0,0,objective,NA,NA,0,0,0,0,
dyadBipartiteObjective,xxxxxx,Sum of ties x xxxxxx,X,TRUE,xxxxxx,,eval,FALSE,FALSE,FALSE,FALSE,FALSE,",",0,0,objective,NA,NA,0,0,0,0,dyadic
covarBehaviorObjective,behavior xxxxxx: effect from yyyyyy,beh. xxxxxx x yyyyyy,effFrom,TRUE,yyyyyy,,eval,FALSE,FALSE,FALSE,FALSE,FALSE,",",0,0,objective,NA,NA,0,0,0,0,OK
covarBehaviorNetObjective,behavior xxxxxx: alter's (zzzzzz) yyyyyy average ,beh. xxxxxx alter's (zzzzzz) yyyyyy average,AltsAvAlt,TRUE,yyyyyy,zzzzzz,eval,FALSE,FALSE,FALSE,FALSE,FALSE,",",0,0,objective,NA,NA,0,0,0,0,OK
covarBehaviorBipartiteObjective,behavior xxxxxx: alter's (zzzzzz) yyyyyy average ,beh. xxxxxx alter's (zzzzzz) yyyyyy average,AltsAvAlt,TRUE,yyyyyy,zzzzzz,eval,FALSE,FALSE,FALSE,FALSE,FALSE,",",0,0,objective,NA,NA,0,0,0,0,OK
covarSymmetricObjective,xxxxxx,Sum of degrees x xxxxxx,altX,TRUE,xxxxxx,,eval,FALSE,FALSE,FALSE,FALSE,FALSE,",",0,0,objective,NA,NA,0,0,0,0,dyadic
covarSymmetricObjective,xxxxxx squared,Sum of degrees x squared xxxxxx,altSqX,TRUE,xxxxxx,,eval,FALSE,FALSE,FALSE,FALSE,FALSE,",",0,0,objective,NA,NA,0,0,0,0,dyadic
covarSymmetricObjective,xxxxxx similarity,xxxxxx similarity,simX,TRUE,xxxxxx,,eval,FALSE,FALSE,FALSE,FALSE,FALSE,",",0,0,objective,NA,NA,0,0,0,0,dyadic
covarSymmetricObjective,same xxxxxx,same xxxxxx,sameX,TRUE,xxxxxx,,eval,FALSE,FALSE,FALSE,FALSE,FALSE,",",0,0,objective,NA,NA,0,0,0,0,dyadic
covarSymmetricObjective,xxxxxx ego x xxxxxx alter,xxxxxx ego x xxxxxx alter,egoXaltX,TRUE,xxxxxx,,eval,FALSE,FALSE,FALSE,FALSE,FALSE,",",0,0,objective,NA,NA,0,0,0,0,dyadic
covarSymmetricObjective,xxxxxx of indirect ties,xxxxxx of indirect ties,IndTies,TRUE,xxxxxx,,eval,FALSE,FALSE,FALSE,FALSE,FALSE,",",0,0,objective,NA,NA,0,0,0,0,dyadic
covarSymmetricObjective,xxxxxx alter at distance 2,xxxxxx alter at distance 2,altDist2,TRUE,xxxxxx,,eval,FALSE,FALSE,FALSE,FALSE,FALSE,",",0,1,objective,NA,NA,0,0,0,0,dyadic
covarSymmetricObjective,xxxxxx similarity at distance 2,xxxxxx similarity at distance 2,simDist2,TRUE,xxxxxx,,eval,FALSE,FALSE,FALSE,FALSE,FALSE,",",0,0,objective,NA,NA,0,0,0,0,dyadic
covarBipartiteObjective,xxxxxx alter,Sum of indegrees x xxxxxx,altX,TRUE,xxxxxx,,eval,FALSE,FALSE,FALSE,FALSE,FALSE,",",0,0,objective,NA,NA,0,0,0,0,dyadic
covarBipartiteObjective,xxxxxx squared alter,Sum of indegrees x squared xxxxxx,altSqX,TRUE,xxxxxx,,eval,FALSE,FALSE,FALSE,FALSE,FALSE,",",0,0,objective,NA,NA,0,0,0,0,dyadic
covarBipartiteObjective,xxxxxx ego,Sum of outdegrees x xxxxxx,egoX,TRUE,xxxxxx,,eval,FALSE,FALSE,FALSE,FALSE,FALSE,",",0,0,objective,NA,NA,0,0,0,0,ego
covarBipartiteObjective,xxxxxx alter at distance 2,xxxxxx alter at distance 2,altDist2,TRUE,xxxxxx,,eval,FALSE,FALSE,FALSE,FALSE,FALSE,",",0,1,objective,NA,NA,0,0,0,0,dyadic
covarBipartiteObjective,xxxxxx similarity at distance 2,xxxxxx similarity at distance 2,simDist2,TRUE,xxxxxx,,eval,FALSE,FALSE,FALSE,FALSE,FALSE,",",0,0,objective,NA,NA,0,0,0,0,dyadic
covarNonSymmetricObjective,xxxxxx alter,Sum of indegrees x xxxxxx,altX,TRUE,xxxxxx,,eval,FALSE,FALSE,FALSE,FALSE,FALSE,",",0,0,objective,NA,NA,0,0,0,0,dyadic
covarNonSymmetricObjective,xxxxxx squared alter,Sum of indegrees x squared xxxxxx,altSqX,TRUE,xxxxxx,,eval,FALSE,FALSE,FALSE,FALSE,FALSE,",",0,0,objective,NA,NA,0,0,0,0,dyadic
covarNonSymmetricObjective,xxxxxx ego,Sum of outdegrees x xxxxxx,egoX,TRUE,xxxxxx,,eval,FALSE,FALSE,FALSE,FALSE,FALSE,",",0,0,objective,NA,NA,0,0,0,0,ego
covarNonSymmetricObjective,xxxxxx similarity,Similarity on xxxxxx,simX,TRUE,xxxxxx,,eval,FALSE,FALSE,FALSE,FALSE,FALSE,",",0,0,objective,NA,NA,0,0,0,0,dyadic
covarNonSymmetricObjective,xxxxxx similarity x reciprocity,Similarity x reciprocity on xxxxxx,simRecipX,TRUE,xxxxxx,,eval,FALSE,FALSE,FALSE,FALSE,FALSE,",",0,0,objective,NA,NA,0,0,0,0,dyadic
covarNonSymmetricObjective,same xxxxxx,Same values on xxxxxx,sameX,TRUE,xxxxxx,,eval,FALSE,FALSE,FALSE,FALSE,FALSE,",",0,0,objective,NA,NA,0,0,0,0,dyadic
covarNonSymmetricObjective,same xxxxxx x reciprocity,Same values x reciprocity on xxxxxx,sameXRecip,TRUE,xxxxxx,,eval,FALSE,FALSE,FALSE,FALSE,FALSE,",",0,0,objective,NA,NA,0,0,0,0,dyadic
covarNonSymmetricObjective,xxxxxx ego x xxxxxx alter,Sum xxxxxx ego x xxxxxx alter,egoXaltX,TRUE,xxxxxx,,eval,FALSE,FALSE,FALSE,FALSE,FALSE,",",0,0,objective,NA,NA,0,0,0,0,dyadic
covarNonSymmetricObjective,xxxxxx ego x xxxxxx alter x recipr.,Sum xxxxxx ego x xxxxxx rec.alter,egoXaltXRecip,TRUE,xxxxxx,,eval,FALSE,FALSE,FALSE,FALSE,FALSE,",",0,0,objective,NA,NA,0,0,0,0,dyadic
covarNonSymmetricObjective,higher xxxxxx,ego > alter for xxxxxx,higher,TRUE,xxxxxx,,eval,FALSE,FALSE,FALSE,FALSE,FALSE,",",0,0,objective,NA,NA,0,0,0,0,dyadic
covarNonSymmetricObjective,xxxxxx of indirect ties,Sum xxxxxx of indirect ties,IndTies,FALSE,xxxxxx,,eval,FALSE,FALSE,FALSE,FALSE,FALSE,",",0,0,objective,NA,NA,0,0,0,0,dyadic
covarNonSymmetricObjective,xxxxxx alter at distance 2,xxxxxx alter at distance 2,altDist2,TRUE,xxxxxx,,eval,FALSE,FALSE,FALSE,FALSE,FALSE,",",0,1,objective,NA,NA,0,0,0,0,dyadic
covarNonSymmetricObjective,xxxxxx similarity at distance 2,xxxxxx similarity at distance 2,simDist2,TRUE,xxxxxx,,eval,FALSE,FALSE,FALSE,FALSE,FALSE,",",0,0,objective,NA,NA,0,0,0,0,dyadic
covarBehaviorNetObjective,behavior xxxxxx: av.sim. (zzzzzz) x yyyyyy,beh. xxxxxx av.sim. (zzzzzz) x yyyyyy,avSimEgoX,TRUE,yyyyyy,zzzzzz,eval,FALSE,FALSE,FALSE,FALSE,FALSE,",",0,0,objective,NA,NA,0,0,0,0,
covarBehaviorNetObjective,behavior xxxxxx: tot. sim. (zzzzzz) x yyyyyy ,beh xxxxxx tot. sim. (zzzzzz) x yyyyyy,totSimEgoX,TRUE,yyyyyy,zzzzzz,eval,FALSE,FALSE,FALSE,FALSE,FALSE,",",0,0,objective,NA,NA,0,0,0,0,
covarBehaviorNetObjective,behavior xxxxxx: av. alters (zzzzzz) x yyyyyy ,beh xxxxxx av. alters (zzzzzz) x yyyyyy ,avAltEgoX,TRUE,yyyyyy,zzzzzz,eval,FALSE,FALSE,FALSE,FALSE,FALSE,",",0,0,objective,NA,NA,0,0,0,0,
covarBehaviorRate,effect yyyyyy on rate xxxxxx,Amount of change on xxxxxx x yyyyyy,RateX,NA,yyyyyy,,rate,FALSE,FALSE,FALSE,FALSE,FALSE,",",0,0,rate,NA,covariate,0,0,0,0,
bipartiteObjective,outdegree (density),Number of ties,density,TRUE,,,eval,FALSE,FALSE,FALSE,FALSE,FALSE,",",0,0,objective,NA,NA,0,0,0,0,dyadic
bipartiteObjective,4-cycles,(Number 4-cycles)^1/#),cycle4,TRUE,,,eval,FALSE,FALSE,FALSE,FALSE,FALSE,",",0,1,objective,NA,NA,0,0,0,0,
bipartiteObjective,indegree - popularity,Sum of squared indegrees,inPop,TRUE,,,eval,FALSE,FALSE,FALSE,FALSE,FALSE,",",0,0,objective,NA,NA,0,0,0,0,
bipartiteObjective,indegree - popularity (sqrt),Sum of indegrees x sqrt(indegree),inPopSqrt,TRUE,,,eval,FALSE,FALSE,FALSE,FALSE,FALSE,",",0,0,objective,NA,NA,0,0,0,0,
bipartiteObjective,outdegree - activity,Sum of squared outdegrees,outAct,FALSE,,,eval,FALSE,FALSE,FALSE,FALSE,FALSE,",",0,0,objective,NA,NA,0,0,0,0,
bipartiteObjective,outdegree - activity (sqrt),Sum of outdegrees^(1.5),outActSqrt,FALSE,,,eval,FALSE,FALSE,FALSE,FALSE,FALSE,",",0,0,objective,NA,NA,0,0,0,0,
bipartiteObjective,outdegree-trunc(#),Sum of outdegrees trunc(#),outTrunc,FALSE,,,eval,FALSE,FALSE,FALSE,FALSE,FALSE,",",0,5,objective,NA,NA,0,0,0,0,
bipartiteObjective,1/(outdegree + #),Sum 1/(outdegrees + #),outInv,FALSE,,,eval,FALSE,FALSE,FALSE,FALSE,FALSE,",",0,1,objective,NA,NA,0,0,0,0,
bipartiteObjective,1/(outdegree+#)(outdegree+1+#),Sum 1/(outdegrees + #)(outdegrees + 1 + #),outSqInv,FALSE,,,eval,FALSE,FALSE,FALSE,FALSE,FALSE,",",0,1,objective,NA,NA,0,0,0,0,
bipartiteObjective,out-in degree^(1/2) assortativity,Sum of out-in degree^(1/2) products,outInAss,TRUE,,,eval,FALSE,FALSE,FALSE,FALSE,FALSE,",",0,2,objective,NA,NA,0,0,0,0,
nonSymmetricObjective,outdegree (density),Number of ties,density,TRUE,,,eval,FALSE,FALSE,FALSE,FALSE,FALSE,",",0,0,objective,NA,NA,0,0,0,0,dyadic
nonSymmetricObjective,reciprocity,Number of reciprocated ties,recip,TRUE,,,eval,FALSE,FALSE,FALSE,FALSE,FALSE,",",0,0,objective,NA,NA,0,0,0,0,dyadic
nonSymmetricObjective,transitive triplets,Number of transitive triplets,transTrip,TRUE,,,eval,FALSE,FALSE,FALSE,FALSE,FALSE,",",0,0,objective,NA,NA,0,0,0,0,
nonSymmetricObjective,transitive mediated triplets,Number of transitive triplets,transMedTrip,TRUE,,,eval,FALSE,FALSE,FALSE,FALSE,FALSE,",",0,0,objective,NA,NA,0,0,0,0,
nonSymmetricObjective,3-cycles,3-cycles,cycle3,TRUE,,,eval,FALSE,FALSE,FALSE,FALSE,FALSE,",",0,0,objective,NA,NA,0,0,0,0,
nonSymmetricObjective,transitive ties,Number of ties with transitive closure,transTies,TRUE,,,eval,FALSE,FALSE,FALSE,FALSE,FALSE,",",0,0,objective,NA,NA,0,0,0,0,
nonSymmetricObjective,betweenness,betweenness count,between,FALSE,,,eval,FALSE,FALSE,FALSE,FALSE,FALSE,",",0,0,objective,NA,NA,0,0,0,0,
nonSymmetricObjective,balance,Amount of balance,balance,TRUE,,,eval,FALSE,FALSE,FALSE,FALSE,FALSE,",",0,0,objective,NA,NA,0,0,0,0,
nonSymmetricObjective,number of actors at distance 2,Number of directed distances equal to 2,nbrDist2,FALSE,,,eval,FALSE,FALSE,FALSE,FALSE,FALSE,",",0,0,objective,NA,NA,0,0,0,0,
nonSymmetricObjective,number pairs at doubly achieved distance 2,Number of doubly achieved distances 2,nbrDist2twice,FALSE,,,eval,FALSE,FALSE,FALSE,FALSE,FALSE,",",0,0,objective,NA,NA,0,0,0,0,
nonSymmetricObjective,dense triads,Sum of triads with # or more ties,denseTriads,FALSE,,,eval,FALSE,FALSE,FALSE,FALSE,FALSE,",",0,5,objective,NA,NA,0,0,0,0,
nonSymmetricObjective,indegree - popularity,Sum of squared indegrees,inPop,TRUE,,,eval,FALSE,FALSE,FALSE,FALSE,FALSE,",",0,0,objective,NA,NA,0,0,0,0,
nonSymmetricObjective,indegree - popularity (sqrt),Sum of indegrees x sqrt(indegree),inPopSqrt,TRUE,,,eval,FALSE,FALSE,FALSE,FALSE,FALSE,",",0,0,objective,NA,NA,0,0,0,0,
nonSymmetricObjective,outdegree - popularity,Sum of crossproducts indegree x outdegree,outPop,TRUE,,,eval,FALSE,FALSE,FALSE,FALSE,FALSE,",",0,0,objective,NA,NA,0,0,0,0,dyadic
nonSymmetricObjective,outdegree - popularity (sqrt),Sum of indegrees x sqrt(outdegree),outPopSqrt,FALSE,,,eval,FALSE,FALSE,FALSE,FALSE,FALSE,",",0,0,objective,NA,NA,0,0,0,0,dyadic
nonSymmetricObjective,indegree - activity,Sum of crossproducts indegree x outdegree,inAct,FALSE,,,eval,FALSE,FALSE,FALSE,FALSE,FALSE,",",0,0,objective,NA,NA,0,0,0,0,ego
nonSymmetricObjective,indegree - activity (sqrt),Sum of outdegrees x sqrt(indegree),inActSqrt,FALSE,,,eval,FALSE,FALSE,FALSE,FALSE,FALSE,",",0,0,objective,NA,NA,0,0,0,0,ego
nonSymmetricObjective,outdegree - activity,Sum of squared outdegrees,outAct,FALSE,,,eval,FALSE,FALSE,FALSE,FALSE,FALSE,",",0,0,objective,NA,NA,0,0,0,0,
nonSymmetricObjective,outdegree - activity (sqrt),Sum of outdegrees^(1.5),outActSqrt,FALSE,,,eval,FALSE,FALSE,FALSE,FALSE,FALSE,",",0,0,objective,NA,NA,0,0,0,0,
nonSymmetricObjective,outdegree-trunc(#),Sum of outdegrees trunc(#),outTrunc,FALSE,,,eval,FALSE,FALSE,FALSE,FALSE,FALSE,",",0,5,objective,NA,NA,0,0,0,0,
nonSymmetricObjective,1/(outdegree + #),Sum 1/(outdegrees + #),outInv,FALSE,,,eval,FALSE,FALSE,FALSE,FALSE,FALSE,",",0,1,objective,NA,NA,0,0,0,0,
nonSymmetricObjective,GWESP I -> K -> J (#),Number of edgewise shared partners by two path (#),gwespFF,FALSE,,,eval,FALSE,FALSE,FALSE,FALSE,FALSE,",",0,25,objective,NA,NA,0,0,0,0,
nonSymmetricObjective,GWESP I <- K <- J (#),Number of edgewise shared partners by reverse two path (#),gwespBB,FALSE,,,eval,FALSE,FALSE,FALSE,FALSE,FALSE,",",0,25,objective,NA,NA,0,0,0,0,
nonSymmetricObjective,GWESP I <- K -> J (#),Number of edgewise shared partners by out two stars (#),gwespFB,FALSE,,,eval,FALSE,FALSE,FALSE,FALSE,FALSE,",",0,25,objective,NA,NA,0,0,0,0,
nonSymmetricObjective,GWESP I -> K <- J (#),Number of edgewise shared partners by in two stars (#),gwespBF,FALSE,,,eval,FALSE,FALSE,FALSE,FALSE,FALSE,",",0,25,objective,NA,NA,0,0,0,0,
nonSymmetricObjective,GWESP I <> K <> J (#),Number of edgewise shared partners both in AND out two stars (#),gwespRR,FALSE,,,eval,FALSE,FALSE,FALSE,FALSE,FALSE,",",0,25,objective,NA,NA,0,0,0,0,
nonSymmetricObjective,1/(outdegree+#)(outdegree+1+#),Sum 1/(outdegrees + #)(outdegrees + 1 + #),outSqInv,FALSE,,,eval,FALSE,FALSE,FALSE,FALSE,FALSE,",",0,1,objective,NA,NA,0,0,0,0,
nonSymmetricObjective,out-out degree^(1/#) assortativity,Sum of out-out degree^(1/#) products,outOutAss,TRUE,,,eval,FALSE,FALSE,FALSE,FALSE,FALSE,",",0,2,objective,NA,NA,0,0,0,0,
nonSymmetricObjective,out-in degree^(1/#) assortativity,Sum of out-in degree^(1/#) products,outInAss,TRUE,,,eval,FALSE,FALSE,FALSE,FALSE,FALSE,",",0,2,objective,NA,NA,0,0,0,0,
nonSymmetricObjective,in-out degree^(1/#) assortativity,Sum of in-out degree^(1/#) products,inOutAss,TRUE,,,eval,FALSE,FALSE,FALSE,FALSE,FALSE,",",0,2,objective,NA,NA,0,0,0,0,
nonSymmetricObjective,in-in degree^(1/#) assortativity,Sum of in-in degree^(1/#) products,inInAss,TRUE,,,eval,FALSE,FALSE,FALSE,FALSE,FALSE,",",0,2,objective,NA,NA,0,0,0,0,
nonSymmetricObjective,in-struct equivalence,In-struct equivalence,inStructEq,FALSE,,,eval,FALSE,FALSE,FALSE,FALSE,FALSE,",",0,0,objective,NA,NA,0,0,0,0,
symmetricObjective,degree (density),Number of edges,density,TRUE,,,eval,FALSE,FALSE,FALSE,FALSE,FALSE,",",0,0,objective,NA,NA,0,0,0,0,ego
symmetricObjective,transitive triads,Number of transitive triads,transTriads,TRUE,,,eval,FALSE,FALSE,FALSE,FALSE,FALSE,",",0,0,objective,NA,NA,0,0,0,0,
symmetricObjective,transitive ties,Number of ties wth transitive closure,transTies,TRUE,,,eval,FALSE,FALSE,FALSE,FALSE,FALSE,",",0,0,objective,NA,NA,0,0,0,0,
symmetricObjective,betweenness,betweenness count,between,FALSE,,,eval,FALSE,FALSE,FALSE,FALSE,FALSE,",",0,0,objective,NA,NA,0,0,0,0,
symmetricObjective,balance,Amount of balance,balance,TRUE,,,eval,FALSE,FALSE,FALSE,FALSE,FALSE,",",0,0,objective,NA,NA,0,0,0,0,
symmetricObjective,number of actor pairs at distance 2,Number of distances equal to 2,nbrDist2,FALSE,,,eval,FALSE,FALSE,FALSE,FALSE,FALSE,",",0,0,objective,NA,NA,0,0,0,0,
symmetricObjective,number pairs at doubly achieved distance 2,Number of doubly achieved distances 2,nbrDist2Twice,FALSE,,,eval,FALSE,FALSE,FALSE,FALSE,FALSE,",",0,0,objective,NA,NA,0,0,0,0,
symmetricObjective,degree of alter,Sum of squared degrees,inPop,TRUE,,,eval,FALSE,FALSE,FALSE,FALSE,FALSE,",",0,0,objective,NA,NA,0,0,0,0,
symmetricObjective,sqrt degree of alter,Sum of degrees ,inPopSqrt,TRUE,,,eval,FALSE,FALSE,FALSE,FALSE,FALSE,",",0,0,objective,NA,NA,0,0,0,0,
symmetricObjective,degree^(1.5),Sum of degrees^(1.5),outActSqrt,FALSE,,,eval,FALSE,FALSE,FALSE,FALSE,FALSE,",",0,0,objective,NA,NA,0,0,0,0,
symmetricObjective,outdegree-trunc(#),Sum of outdegrees trunc(#),outTrunc,FALSE,,,eval,FALSE,FALSE,FALSE,FALSE,FALSE,",",0,5,objective,NA,NA,0,0,0,0,
symmetricObjective,1/(degree + #),Sum 1/(degrees + #),outInv,FALSE,,,eval,FALSE,FALSE,FALSE,FALSE,FALSE,",",0,1,objective,NA,NA,0,0,0,0,
symmetricObjective,1/(degree+#)(degree+1+#),Sum 1/(degrees + #)(degrees + 1 + #),outSqInv,FALSE,,,eval,FALSE,FALSE,FALSE,FALSE,FALSE,",",0,1,objective,NA,NA,0,0,0,0,
symmetricObjective,degree^(1/#) assortativity,Sum of degree^(1/#) products,outOutAss,TRUE,,,eval,FALSE,FALSE,FALSE,FALSE,FALSE,",",0,2,objective,NA,NA,0,0,0,0,
covarSymmetricRate,effect xxxxxx on rate,effect xxxxxx on rate,RateX,NA,xxxxxx,,rate,FALSE,FALSE,FALSE,FALSE,FALSE,",",0,0,rate,NA,covariate,0,0,0,0,
covarNonSymmetricRate,effect xxxxxx on rate,Amount of change x xxxxxx,RateX,NA,xxxxxx,,rate,FALSE,FALSE,FALSE,FALSE,FALSE,",",0,0,rate,NA,covariate,0,0,0,0,
covarBipartiteRate,effect xxxxxx on rate,Amount of change x xxxxxx,RateX,NA,xxxxxx,,rate,FALSE,FALSE,FALSE,FALSE,FALSE,",",0,0,rate,NA,covariate,0,0,0,0,
unspecifiedNetInteraction,unspecified interaction effect,unspecified interaction statistic,unspInt,TRUE,,,eval,FALSE,FALSE,FALSE,FALSE,FALSE,",",0,0,objective,NA,NA,0,0,0,0,
unspecifiedBehaviorInteraction,behavior xxxxxx: unspecified interaction,beh. xxxxxx: unspecified interaction,behUnspInt,TRUE,,,eval,FALSE,FALSE,FALSE,FALSE,FALSE,",",0,0,objective,NA,NA,0,0,0,0,
nonSymmetricSymmetricObjective,xxxxxx,sum crprod. with xxxxxx,crprod,TRUE,xxxxxx,,eval,FALSE,FALSE,FALSE,FALSE,FALSE,",",0,0,objective,NA,NA,0,0,0,0,dyadic
nonSymmetricSymmetricObjective,degree^(1/#) xxxxxx popularity,sum ind. x degr.^(1/#) xxxxxx,inPopIntn,TRUE,xxxxxx,,eval,FALSE,FALSE,FALSE,FALSE,FALSE,",",0,2,objective,NA,NA,0,0,0,0,dyadic
nonSymmetricSymmetricObjective,indegree^(1/#) xxxxxx activity,sum outd. x ind.^(1/#) xxxxxx,inActIntn,TRUE,xxxxxx,,eval,FALSE,FALSE,FALSE,FALSE,FALSE,",",0,2,objective,NA,NA,0,0,0,0,ego
nonSymmetricSymmetricObjective,outdegree^(1/#) xxxxxx popularity,sum ind. x outd.^(1/#) xxxxxx,outPopIntn,TRUE,xxxxxx,,eval,FALSE,FALSE,FALSE,FALSE,FALSE,",",0,2,objective,NA,NA,0,0,0,0,dyadic
nonSymmetricSymmetricObjective,degree^(1/#) xxxxxx activity,sum outd. x degre.^(1/#) xxxxxx,inActIntn,TRUE,xxxxxx,,eval,FALSE,FALSE,FALSE,FALSE,FALSE,",",0,2,objective,NA,NA,0,0,0,0,ego
nonSymmetricSymmetricObjective,both degrees^(1/#) xxxxxx,sum tied degree^(1/#) products xxxxxx,both,TRUE,xxxxxx,,eval,FALSE,FALSE,FALSE,FALSE,FALSE,",",0,2,objective,NA,NA,0,0,0,0,dyadic
nonSymmetricSymmetricObjective,from xxxxxx agreement,"mixed triplets XWW, W = xxxxxx",from,TRUE,xxxxxx,,eval,FALSE,FALSE,FALSE,FALSE,FALSE,",",0,0,objective,NA,NA,0,0,0,0,dyadic
nonSymmetricSymmetricObjective,xxxxxx to agreement,"mixed triplets XWW, W = xxxxxx",to,TRUE,xxxxxx,,eval,FALSE,FALSE,FALSE,FALSE,FALSE,",",0,0,objective,NA,NA,0,0,0,0,dyadic
nonSymmetricSymmetricObjective,closure of xxxxxx,"mixed triplets WWX, W = xxxxxx",closure,TRUE,xxxxxx,,eval,FALSE,FALSE,FALSE,FALSE,FALSE,",",0,0,objective,NA,NA,0,0,0,0,dyadic
nonSymmetricNonSymmetricObjective,xxxxxx,sum crprod. with xxxxxx,crprod,TRUE,xxxxxx,,eval,FALSE,FALSE,FALSE,FALSE,FALSE,",",0,0,objective,NA,NA,0,0,0,0,dyadic
nonSymmetricNonSymmetricObjective,reciprocity with xxxxxx,sum crprod. with recipr. xxxxxx,crprodRecip,TRUE,xxxxxx,,eval,FALSE,FALSE,FALSE,FALSE,FALSE,",",0,0,objective,NA,NA,0,0,0,0,dyadic
nonSymmetricNonSymmetricObjective,mutuality with xxxxxx,sum crprod. with mutual xxxxxx,crprodMutual,TRUE,xxxxxx,,eval,FALSE,FALSE,FALSE,FALSE,FALSE,",",0,0,objective,NA,NA,0,0,0,0,dyadic
nonSymmetricNonSymmetricObjective,indegree^(1/#) xxxxxx popularity,sum ind. x ind.^(1/#) xxxxxx,inPopIntn,TRUE,xxxxxx,,eval,FALSE,FALSE,FALSE,FALSE,FALSE,",",0,2,objective,NA,NA,0,0,0,0,dyadic
nonSymmetricNonSymmetricObjective,indegree^(1/#) xxxxxx activity,sum outd. x ind.^(1/#) xxxxxx,inActIntn,TRUE,xxxxxx,,eval,FALSE,FALSE,FALSE,FALSE,FALSE,",",0,2,objective,NA,NA,0,0,0,0,ego
nonSymmetricNonSymmetricObjective,outdegree^(1/#) xxxxxx popularity,sum ind. x outd.^(1/#) xxxxxx,outPopIntn,TRUE,xxxxxx,,eval,FALSE,FALSE,FALSE,FALSE,FALSE,",",0,2,objective,NA,NA,0,0,0,0,dyadic
nonSymmetricNonSymmetricObjective,outdegree^(1/#) xxxxxx activity,sum outd. x degree^(1/#) xxxxxx,outActIntn,TRUE,xxxxxx,,eval,FALSE,FALSE,FALSE,FALSE,FALSE,",",0,2,objective,NA,NA,0,0,0,0,dyadic
nonSymmetricNonSymmetricObjective,both indegrees^(1/#) xxxxxx,sum tied ind.^(1/#) products xxxxxx,both,TRUE,xxxxxx,,eval,FALSE,FALSE,FALSE,FALSE,FALSE,",",0,2,objective,NA,NA,0,0,0,0,dyadic
nonSymmetricNonSymmetricObjective,betweenness^(1/#) xxxxxx popularity,sum ind. x betweenn.^(1/#) xxxxxx,betweenPop,TRUE,xxxxxx,,eval,FALSE,FALSE,FALSE,FALSE,FALSE,",",0,2,objective,NA,NA,0,0,0,0,dyadic
nonSymmetricNonSymmetricObjective,from xxxxxx agreement,"mixed triplets XWW, W = xxxxxx",from,TRUE,xxxxxx,,eval,FALSE,FALSE,FALSE,FALSE,FALSE,",",0,0,objective,NA,NA,0,0,0,0,dyadic
nonSymmetricNonSymmetricObjective,from xxxxxx mutual agr.,"mixed triplets XWW, W=m.xxxxxx",fromMutual,TRUE,xxxxxx,,eval,FALSE,FALSE,FALSE,FALSE,FALSE,",",0,0,objective,NA,NA,0,0,0,0,dyadic
nonSymmetricNonSymmetricObjective,xxxxxx to agreement,"mixed triplets XWW, W = xxxxxx",to,TRUE,xxxxxx,,eval,FALSE,FALSE,FALSE,FALSE,FALSE,",",0,0,objective,NA,NA,0,0,0,0,dyadic
nonSymmetricNonSymmetricObjective,closure of xxxxxx,"mixed triplets WWX, W = xxxxxx",closure,TRUE,xxxxxx,,eval,FALSE,FALSE,FALSE,FALSE,FALSE,",",0,0,objective,NA,NA,0,0,0,0,dyadic
bipartiteNonSymmetricObjective,outdegree^(1/#) xxxxxx activity,sum outd. x degree^(1/#) xxxxxx,outActIntn,TRUE,xxxxxx,,eval,FALSE,FALSE,FALSE,FALSE,FALSE,",",0,2,objective,NA,NA,0,0,0,0,dyadic
bipartiteNonSymmetricObjective,xxxxxx to agreement,"mixed triplets XWW, W = xxxxxx",to,TRUE,xxxxxx,,eval,FALSE,FALSE,FALSE,FALSE,FALSE,",",0,0,objective,NA,NA,0,0,0,0,dyadic
bipartiteSymmetricObjective,degree^(1/#) xxxxxx activity,sum outd. x degre.^(1/#) xxxxxx,outActIntn,TRUE,xxxxxx,,eval,FALSE,FALSE,FALSE,FALSE,FALSE,",",0,2,objective,NA,NA,0,0,0,0,dyadic
bipartiteSymmetricObjective,xxxxxx to agreement,"mixed triplets XWW, W = xxxxxx",to,TRUE,xxxxxx,,eval,FALSE,FALSE,FALSE,FALSE,FALSE,",",0,0,objective,NA,NA,0,0,0,0,dyadic
nonSymmetricBipartiteObjective,outdegree^(1/#) xxxxxx activity,sum outd. x degree^(1/#) xxxxxx,outActIntn,TRUE,xxxxxx,,eval,FALSE,FALSE,FALSE,FALSE,FALSE,",",0,2,objective,NA,NA,0,0,0,0,dyadic
nonSymmetricBipartiteObjective,from xxxxxx agreement,"mixed triplets XWW, W = xxxxxx",from,TRUE,xxxxxx,,eval,FALSE,FALSE,FALSE,FALSE,FALSE,",",0,0,objective,NA,NA,0,0,0,0,dyadic
bipartiteBipartiteObjective,outdegree^(1/#) xxxxxx activity,sum outd. x degree^(1/#) xxxxxx,outActIntn,TRUE,xxxxxx,,eval,FALSE,FALSE,FALSE,FALSE,FALSE,",",0,2,objective,NA,NA,0,0,0,0,dyadic
covarNetNetObjective,from xxxxxx agr. x same yyyyyy,"m.tr. XWW, W = xxxxxx, same yyyyyy",covNetNet,TRUE,xxxxxx,yyyyyy,eval,FALSE,FALSE,FALSE,FALSE,FALSE,",",0,0,objective,NA,NA,0,0,0,0,dyadic
covarNetNetObjective,yyyyyy alter at distance 2 on xxxxxx,yyyyyy alter at distance 2 on xxxxxx,altDist2W,TRUE,xxxxxx,yyyyyy,eval,FALSE,FALSE,FALSE,FALSE,FALSE,",",0,1,objective,NA,NA,0,0,0,0,
covarNetNetObjective,yyyyyy similarity at distance 2 on xxxxxx,yyyyyy similarity at distance 2 on xxxxxx,simDist2W,TRUE,xxxxxx,yyyyyy,eval,FALSE,FALSE,FALSE,FALSE,FALSE,",",0,0,objective,NA,NA,0,0,0,0,
